about,dateAdded,dateUpdated
0d6588da-ca1a-4bee-be2c-5559f86a1a67,08/01/2020,24/08/2020
50517dcb-fb5e-4b29-be1e-0413bac034c1,08/01/2020,24/08/2020
668eb3dd-f831-458b-bd33-eb469991b4cf,08/01/2020,24/08/2020
7e46e8a9-b1ee-4281-97f5-df763e8504a0,08/01/2020,24/08/2020
bce1a00a-42c2-4311-a56f-b4ab4b872862,08/01/2020,24/08/2020
df2a5842-49f1-4d85-84a2-09f2b3c868ff,08/01/2020,24/08/2020
dd7dbd05-d385-48c4-bd2c-256bed4bf533,08/01/2020,24/08/2020
48074635-147c-49e9-afbc-078de43fe06a,08/01/2020,24/08/2020
ee144f93-9b0a-45e9-9cc0-d73cc612145e,08/01/2020,24/08/2020
cc8099e8-f60b-4200-81e8-21655fa6b8bd,08/01/2020,24/08/2020
f870d2d9-54d2-4fd5-9c4f-871f7d8b3220,08/01/2020,24/08/2020
97f44ca3-2b70-4cc6-b6a2-24c97207a1e5,08/01/2020,24/08/2020
f2598def-d5f3-4c05-ba88-01b6ba97a9be,08/01/2020,24/08/2020
a34eb9af-1e34-418e-9670-10ba766d15eb,08/01/2020,24/08/2020
99153cc2-ce87-42d8-9538-978617861baf,08/01/2020,24/08/2020
6f215647-be33-495c-8f10-37033460506e,08/01/2020,24/08/2020
7c66199a-4319-4c7d-a69b-88f1050468db,08/01/2020,24/08/2020
1ff600e6-a5dc-4b69-936d-53b7a4bb2a2d,08/01/2020,24/08/2020
7cc4bfff-ef73-4ef2-b29b-1d1f68278cc7,24/08/2020,
a53ad576-4b79-4914-b3bd-65d3623631d4,24/08/2020,
2a91285e-d696-45d1-b83a-a08ef8904026,24/08/2020,
d97cc5b6-f6f4-41dc-b104-95ead9ea051d,24/08/2020,
9ca3e097-263d-4c08-b451-22845759e84b,24/08/2020,
9803b27d-123d-4128-a8b2-bc8a9ca9e96d,24/08/2020,
90b11eda-03c1-4ac9-9a49-3f8070cfc020,24/08/2020,
12013a57-96a9-4839-b76e-cb50e55d6774,24/08/2020,
31ee812e-166c-4832-bb87-453272f8c891,25/08/2020,
ec48d4ab-b659-4143-ac20-a52dbfecf4d1,25/08/2020,
812fa477-5fad-4ad1-bd37-b7350410b093,25/08/2020,
7de3f0e5-f5d2-490f-8601-c6d88ab29978,25/08/2020,
9f0b33a4-5a15-437f-8174-54575013f96b,25/08/2020,
d0bd3e47-8001-48bc-bfe4-0c53e9006420,25/08/2020,
8dc67486-59dc-4eb2-85ab-6af7f05dad01,25/08/2020,
c7d52911-2ad4-4905-b6ab-e3abd9692c05,25/08/2020,
c2149ef1-4e66-42aa-9f2d-a7acecc702f4,25/08/2020,
78e27897-6609-4a27-bfcb-cddcd3dd6f1a,25/08/2020,
da94c007-81c3-4e09-bb47-a984d20470a7,25/08/2020,
a7d21fae-9480-4b9f-bdf6-8a7aba599ec4,25/08/2020,
48c70fbc-b72b-47fc-b69a-22b16cbbb71c,25/08/2020,
6948e1e7-04ce-455e-99f2-6776f29944e3,25/08/2020,
dc03bb55-255b-480b-96a0-8351ab99ed98,25/08/2020,
3afe8a78-27de-49fe-9cee-1c912fece8eb,25/08/2020,
01ff511e-d2a7-4db0-ac2b-be19fdc95da8,25/08/2020,
d1bc212d-d6cb-4fdc-9b45-aaa57110a143,25/08/2020,
29e2837a-4ebe-4d90-bb2b-d1208620cc4e,25/08/2020,
6915ca3a-86cf-4ac2-a07c-5cdabe6ea197,25/08/2020,
637d7c46-1db7-4181-9b34-b106b47b7b79,25/08/2020,
9b413081-ae7a-4f34-aa8f-4386715f1d6b,25/08/2020,
85fbf1c4-ea7a-4759-9bca-f08f81d582bd,25/08/2020,
97a261cd-6c70-4959-9f5e-07fb9f3ff5c4,25/08/2020,
2dffb2bb-5183-4d93-87da-62e2570a9ab8,25/08/2020,
43992246-958f-4dde-a03c-aefcde8bf44b,25/08/2020,
daa9d831-6f78-4e23-8aa5-f263ddd8fc08,25/08/2020,
79baf150-b639-42a1-b88e-42138e96d430,25/08/2020,
363870a5-e8f3-4ad1-b6c9-c04efb4a22de,25/08/2020,
789d700e-6cd6-4dff-a962-cd07f09a1247,25/08/2020,
9434c412-a22a-4a7b-b850-9c054a36ad9c,25/08/2020,
479bdeeb-3401-47ac-9642-a103cf8b0a4d,25/08/2020,
beb16795-d6f7-4083-9fd2-9ffd8fd5e442,25/08/2020,
c06ac9ff-699d-4a65-afa4-114cc440c036,25/08/2020,
863d5e86-c24f-4b62-9cff-e305e55823d7,25/08/2020,
e4d889cb-8f92-4c83-859e-e3fd3abedffb,25/08/2020,
41292ea4-7d97-43eb-b6e8-5164e76114fa,25/08/2020,
239a9ae2-750f-4619-9ec7-bf25ac313a39,25/08/2020,
0125f31d-e13c-4738-9bf1-cee5e6aef8c8,25/08/2020,
6e656bd0-4c25-4913-b673-2dc69e6d075e,08/01/2020,26/08/2020
8dca137c-fb8f-4083-9868-6d8fd0c2d0d0,08/01/2020,26/08/2020
e6f23e23-b3e2-4982-be56-31686910d8c2,08/01/2020,26/08/2020
1e2d4490-5bab-450e-b5b6-f4a3e82d3d7c,08/01/2020,26/08/2020
37204daf-7f9d-4a73-a0e5-6c89ed35bf7f,08/01/2020,26/08/2020
2b1f537d-67c0-4095-bac9-13c52c68e1e2,08/01/2020,26/08/2020
c9f7b229-dd9b-47c7-b5dc-0ccc34582146,08/01/2020,26/08/2020
c8e9fa33-be06-42c8-9608-1956af83db18,08/01/2020,26/08/2020
cde71975-2498-4b96-a5df-01647df04802,08/01/2020,26/08/2020
db4b3758-3020-49a3-9fc0-232b51a61516,08/01/2020,26/08/2020
0bbc9170-8a34-42da-baed-7a87efa105e7,08/01/2020,26/08/2020
603f3e6e-9c5e-4fc0-a10a-372b0d771daf,08/01/2020,26/08/2020
7c7234c6-1e2a-40c2-bfac-dc597ac1e490,24/08/2020,
56c5b63f-9c0c-4576-b3bf-399a5ae2310a,24/08/2020,
6666a6a0-caeb-41d4-af74-85f98a4c1097,24/08/2020,
6eaa4845-71c6-45d6-a777-6883962e6ab3,24/08/2020,26/08/2020
712e6214-4abb-4bd2-8b2e-80d87eeec8e2,24/08/2020,26/08/2020
8797e6dd-e4db-4573-aa18-2bdc166b04dc,24/08/2020,26/08/2020
d33016e5-37f3-4018-bcc3-44899442a2bc,24/08/2020,26/08/2020
f10b17c5-abcc-4d3d-b1fa-82ef0cedd84c,24/08/2020,26/08/2020
045bfb89-30b7-4e1d-9289-5a7cd27fdbbc,24/08/2020,26/08/2020
904856f9-755b-470f-9b4a-1cabb5ae693f,24/08/2020,26/08/2020
ffc360f1-2313-41b8-a135-4022ece71d6a,24/08/2020,26/08/2020
ab681d65-f959-4d61-b1dd-a47594401c3a,24/08/2020,26/08/2020
1cfa6524-e8e5-437b-8272-7ab673023768,24/08/2020,26/08/2020
85fab120-2a79-4423-8a1e-92fa535d891c,24/08/2020,26/08/2020
c3c2ea71-52db-44cf-b7c7-17f8f353ed32,24/08/2020,26/08/2020
9c1c054d-30f3-4cf6-8cf0-507d73e2b4d4,24/08/2020,26/08/2020
5306b7ce-60e8-4e06-8d51-d6e09236076e,24/08/2020,26/08/2020
6577a9b9-ecbe-46bd-a5b3-0a4689856135,24/08/2020,26/08/2020
ec866419-d56c-45a8-9414-ad24f427f81c,24/08/2020,26/08/2020
f94b4862-6cea-4d7a-a5b5-9e82c8ad68c5,24/08/2020,26/08/2020
57b60713-7432-4877-9993-4dc4b39e50e2,24/08/2020,26/08/2020
86108cdd-516c-4e79-9116-c93cbebfe2ae,24/08/2020,26/08/2020
2c63a2d5-d3a0-4a1f-8096-ffdf2a7943bc,24/08/2020,26/08/2020
d5f39fc6-9187-4f86-9fd8-fde8a5a15623,24/08/2020,26/08/2020
12b13982-ca9d-4578-a300-7527931d1d33,24/08/2020,26/08/2020
3df71964-3200-4fc7-bd5c-6ee013687d28,24/08/2020,26/08/2020
af7d6ff7-aac7-4dc2-a796-0b392c66631e,24/08/2020,26/08/2020
153ddeb9-c37a-4cda-a3d0-13227f82ad1b,24/08/2020,26/08/2020
36692f9b-3042-4263-afa4-7526de554a04,24/08/2020,26/08/2020
68449c0b-bfa0-4648-a0ad-28eef1187a74,24/08/2020,26/08/2020
5ebc875a-0e76-45fe-bbf5-8ecbc82e40eb,24/08/2020,26/08/2020
e91a72a3-27f4-48da-ae0d-ab1eb5f7a4c1,24/08/2020,26/08/2020
19dddc71-f1c2-4aac-8039-e6f464096831,24/08/2020,26/08/2020
eead5049-5105-4a4d-8094-5378fec9233c,24/08/2020,26/08/2020
ecd8e8ab-707c-49a3-9469-740fa9bbe4e0,24/08/2020,26/08/2020
ce625093-9c01-4c14-acfc-df79b70f183b,24/08/2020,26/08/2020
5eb43a2a-dfab-4fc9-8f3f-23ddeaeb8565,24/08/2020,26/08/2020
ed426a8d-e0f7-4848-b412-b09dd46fca9f,24/08/2020,26/08/2020
a7f60631-a957-44b4-8de6-be4edd57e164,24/08/2020,26/08/2020
18fb788b-0ff8-4a55-9acd-27c4faf99162,24/08/2020,26/08/2020
ad9a2aa3-bdaa-4f3e-b25c-9ca27326ef74,24/08/2020,26/08/2020
73ae58da-62c3-4fbc-983e-5d558b857bbd,24/08/2020,26/08/2020
519301ef-a0ef-4c13-97f1-c58358e5717b,24/08/2020,26/08/2020
a8e165e0-68f8-4cae-91c5-945c9f6b62a7,24/08/2020,26/08/2020
349431b4-1748-4707-a85e-aabbb0f75004,24/08/2020,26/08/2020
2aed5a7b-0fd8-46ab-a57f-079988dc4ab8,24/08/2020,26/08/2020
6d38cb7a-5d97-4bf7-ae95-70a92f858176,24/08/2020,26/08/2020
6ad774cf-b0cd-4327-846d-3f579c8467df,24/08/2020,26/08/2020
56bd7c84-9044-4167-9a70-697e621a2e72,24/08/2020,26/08/2020
910ee000-262c-406a-9dd9-89e9bfe11d09,24/08/2020,26/08/2020
ae42c1cc-ac05-41ab-896f-c4ba6bb9c0cf,24/08/2020,26/08/2020
85746ae9-9155-4303-8e12-8ebba3b6b16a,24/08/2020,26/08/2020
42d7b9f3-a35d-4b02-9bfb-15a5d0ed07c7,24/08/2020,26/08/2020
20085b1b-ae8d-4c63-8b2a-fbb71bc89ccc,24/08/2020,26/08/2020
d5c8b48d-c8cb-4c52-b4f8-42e853f78496,24/08/2020,26/08/2020
7caed602-6269-4101-a9b3-cd7936974495,24/08/2020,26/08/2020
ab0bde0f-8601-47dd-bc2a-4815e4df4710,24/08/2020,26/08/2020
656813b8-3984-40e7-8c4e-e38554dbc97d,24/08/2020,26/08/2020
716c0273-9963-41e3-9917-33bf09e2aeb0,24/08/2020,26/08/2020
0323ac98-d30d-4d2a-8b07-052720cac609,24/08/2020,26/08/2020
aa9752fa-0bfd-43e5-82f9-9ae9b06c0995,24/08/2020,26/08/2020
7e3e6aa0-4cbe-4288-b088-ae282e41bbae,24/08/2020,26/08/2020
abab70a4-50d5-4656-a21d-eec9d03b623c,24/08/2020,26/08/2020
541d2798-8535-43cc-9a3d-9a1071452858,24/08/2020,26/08/2020
d450b5b1-a73f-46a8-b669-ffdd4514b91c,24/08/2020,26/08/2020
eed65b15-60d2-4b6e-ad9f-873f55b6df46,24/08/2020,26/08/2020
000687bf-220c-4ed0-ad64-030a15f78d5e,24/08/2020,26/08/2020
be8c595c-9221-4c7a-abe1-5002d1b0a183,24/08/2020,26/08/2020
b10b8b57-a128-4152-bfe3-49f4d33f39e8,24/08/2020,26/08/2020
c1ce3dc7-be32-41c1-846f-3b9e00cf0cc8,24/08/2020,26/08/2020
430f9a18-84af-45f3-8dda-be5c0203ea7f,24/08/2020,26/08/2020
57c9a0d1-8f56-42a1-9211-07aa7fc994ce,24/08/2020,26/08/2020
b6374fa5-c017-4c34-b146-ada7638f1d68,24/08/2020,26/08/2020
ecb2ca47-fefc-4ea1-bf42-f51534f40efe,24/08/2020,26/08/2020
683ba715-c897-46e2-8c05-e00df69178be,24/08/2020,26/08/2020
840221c3-0d72-4773-9323-b116ad7ab1f2,24/08/2020,26/08/2020
e9ae73c1-6554-45bc-ba9c-cc88924778e3,24/08/2020,26/08/2020
a35d108f-d392-4c3a-b4b4-98f267234480,24/08/2020,26/08/2020
5f52528d-7f2a-4bf8-ab64-08eeb4ae0494,24/08/2020,26/08/2020
f0aa764f-3590-4391-9cb9-d9418cdf6f7f,24/08/2020,26/08/2020
32749627-8b4f-4a5c-b234-5ebe8a177473,24/08/2020,26/08/2020
209582b5-e1ac-4f4a-9b56-bd6063ab7b66,24/08/2020,26/08/2020
befa3cab-6c2e-40b9-aa7d-5f36eb78cbb6,28/08/2020,01/09/2020
3a3b12c5-693b-44c2-b9e7-8e81e5b62869,28/08/2020,01/09/2020
7e82f2f2-d2a4-4f7f-9b17-776344357165,28/08/2020,01/09/2020
fc106c26-5328-48b6-8be9-b2f51504ae4a,28/08/2020,01/09/2020
b61ff0dc-23cf-4feb-8258-b792d6ee0fee,28/08/2020,01/09/2020
b10a7b82-cca6-4f8e-a60b-a91dc8f7e39a,28/08/2020,01/09/2020
a1e104f4-e5b7-4f30-8a76-3fc9ede89803,28/08/2020,01/09/2020
0a486d89-081a-44b0-838d-003973a36e33,28/08/2020,01/09/2020
59d71ff2-50ef-4a3f-9fa5-ea3e18f26b1b,28/08/2020,01/09/2020
1ddf68ec-2f23-45f3-811a-8afe0ca9149b,28/08/2020,01/09/2020
781cf82f-0a1e-485d-ac61-de06eed360f0,28/08/2020,01/09/2020
9f99eafb-a680-46e3-ac81-b05f3cfff6c8,28/08/2020,01/09/2020
0dae0f14-cb12-4ebd-825a-b9169d8ab97a,28/08/2020,01/09/2020
6fb5633b-8c39-4f93-aab2-1c1ce35e0938,28/08/2020,01/09/2020
fdd9fb0f-2be2-4e06-85a8-070d1eb084fb,28/08/2020,01/09/2020
9274faa4-82b9-4eaa-ac29-44e1eed37ce3,28/08/2020,01/09/2020
bd1e28f5-8334-4127-a806-3952b020eea5,28/08/2020,01/09/2020
f3c91173-9a2f-4e34-a7ad-4efb281d097f,28/08/2020,01/09/2020
6f3a892d-826f-4504-84db-69c0e78bb7ae,28/08/2020,01/09/2020
525d186e-da8e-4d7d-b227-0e1714d60e30,28/08/2020,01/09/2020
08af71ef-b3e2-40b1-b29b-d836f2dff54e,28/08/2020,01/09/2020
f7166e32-4366-4848-a113-9da98745b2fd,28/08/2020,01/09/2020
7482bc74-229a-4d58-b500-7b04a00bfd85,28/08/2020,01/09/2020
c19d2f02-8491-427a-898d-43f958a6cd6b,28/08/2020,01/09/2020
3d6abcce-3bd1-478a-b172-1b64c421485f,28/08/2020,01/09/2020
74b1ea24-619d-41e8-957a-348ea6e87193,28/08/2020,01/09/2020
1fa835b6-dce4-4ab3-9ffc-98bb72d31586,28/08/2020,01/09/2020
12f0d6cf-ff64-44d0-a72f-cc42922585f1,28/08/2020,01/09/2020
a5ec5e9b-2f12-4c1f-a494-3358dcc81e3a,28/08/2020,01/09/2020
bfd4b802-9111-485d-9da1-4550822a89ac,28/08/2020,01/09/2020
d7e4cd64-198f-471c-86ee-db0f1e9515cc,28/08/2020,01/09/2020
58f64ae4-a17c-41e4-930a-dabddb4974b5,28/08/2020,01/09/2020
842f4879-00e6-4a81-b112-6c2c32201086,28/08/2020,01/09/2020
4d2d7be6-e33d-4679-ae5d-690a15555300,28/08/2020,01/09/2020
6946e7ff-6d7a-44cd-88a6-4152ec40b319,28/08/2020,01/09/2020
3841470e-6740-48ab-bda2-9977442fa29a,28/08/2020,01/09/2020
bb4d7e9f-a474-48b5-bc1f-a1907e6c0856,28/08/2020,01/09/2020
03f42636-58e0-4833-80fb-640c861b2812,28/08/2020,01/09/2020
959d6331-538f-412c-a265-92862b6f0cef,08/01/2020,24/08/2020
ee44caf7-9605-4528-851a-e15cbdce62e8,08/01/2020,24/08/2020
d9b63403-4954-48de-a40c-ba3839cfd278,08/01/2020,24/08/2020